x,y,control,partial_corr
IWM,HYG,SPY,0.3206235530630509
XLU,VIX,SPY,0.20457768181505728
